SKU,ASIN,EAN,GROUP
PAREO_ACA_1A,B0BRWQ3LHN,4745010308505,PAREO_ACA
PAREO_ACA_1B,B0BRWR4TWK,4745010308512,PAREO_ACA
PAREO_ACA_2,B0BRWQHDYC,4745010308529,PAREO_ACA
PAREO_ACA_3,B0BRWQS6GZ,4745010308536,PAREO_ACA
PAREO_ACA_6A,B0BRWQZZT1,4745010308543,PAREO_ACA
PAREO_ACA_6C,B0CR8J92QV,4745010308161,PAREO_ACA
PAREO_ACA_6D,B0CR8K86NM,4745010308178,PAREO_ACA
PAREO_ACA_6B_NEW,B0DQGKH3X4,4745010308185,PAREO_ACA
PAREO_ZEN_22,B0CR8KGMR5,4745010308086,PAREO_ZEN
PAREO_ZEN_23,B0CR8L4K5Z,4745010308093,PAREO_ZEN
PAREO_ZEN_25,B0CR8JWTXC,4745010308123,PAREO_ZEN
PAREO_ZEN_26,B0CR8JXTMK,4745010308130,PAREO_ZEN
PAREO_ZEN_27,B0CR8K6N51,4745010308147,PAREO_ZEN
PAREO_ZEN_28,B0CR8JW1RN,4745010308154,PAREO_ZEN
PAREO_ZEN_5,B0BRXQGTKJ,4745010308741,PAREO_ZEN
Pareo20RayonGeom,B08GC3B7C1,768253724707,PAREO_MALANI
Pareo20RayonMan,B07B939QZK,721361722065,PAREO_MALANI
Pareo4BlackNew,B07CBMX9BS,721361722195,PAREO_MALANI
Pareo5Blue502,B0B59W8L1P,4745010308055,PAREO_MALANI
PareoBlueP19,B07QMQKS5J,750440983479,PAREO_MALANI
PareoHBlue,B07Q4FM2CL,750440983448,PAREO_MALANI
PareoHPur,B07Q5JDW16,750440983455,PAREO_MALANI
PareoHRed,B07Q5JHJRJ,750440983431,PAREO_MALANI
PareoPPur,B072BB24WX,767550252302,PAREO_MALANI
PareoPPur2,B07Q4FKR8C,750440983462,PAREO_MALANI
SkullPareo,B06Y22LRTP,767550251916,PAREO_MALANI
PareoPOrange,B07B921LZY,721361722126,PAREO_MALANI
PAREO_B_1,B0DQGLRG3K,4745010308468,PAREO_B
PAREO_B_2,B0DQGJLQTC,4745010308475,PAREO_B
PAREO_B_3,B0DQGG813T,4745010308482,PAREO_B
PAREO_B_4,B0DQGK45D7,4745010308499,PAREO_B
PAREO_B_5,B0DQGFTSMT,4745010308666,PAREO_B
PAREO_B_6,B0DQGHMNRC,4745010308673,PAREO_B
PAREO_B_7,B0DQGHLPXD,4745010308680,PAREO_B
PAREO_ACA_7A,B0GBLHPF4G,4745010308925,PAREO_ACA
PAREO_ACA_7B,B0GBM2GLH8,4745010308932,PAREO_ACA
PAREO_ACA_7C,B0GBNFGSMF,4745010308949,PAREO_ACA
PAREO_ACA_7D,B0GBKQMLPR,4745010308956,PAREO_ACA
PAREO_ACA_7F,B0GBM1SWZK,4745010308970,PAREO_ACA
PAREO_B_539,B0GSH8F1RS,4745092520178,PAREO_B
PAREO_B_542,B0GY1JKDCQ,4745092520208,PAREO_B
PAREO_B_543,B0GY1JDWCJ,4745092520215,PAREO_B
PAREO_B_544,B0GY25F5M1,4745092520222,PAREO_B
PAREO_B_545,B0GY1SVJL9,4745092520239,PAREO_B
PAREO_B_546,B0GY1RJXHC,4745092520246,PAREO_B
PAREO_B_547,B0GY1W99FR,4745092520253,PAREO_B
PAREO_B_548,B0GY1GFYWF,4745092520260,PAREO_B
PAREO_B_549,B0GY1X7ZTZ,4745092520277,PAREO_B
PAREO_B_550,B0GY1RHXMG,4745092520284,PAREO_B
PAREO_B_10,B0GKM8FML6,4745092520048,PAREO_B
PAREO_B_11,B0GKN41W6G,4745010308994,PAREO_B
PAREO_B_12,B0GLJFHJ5H,4745092520031,PAREO_B
PAREO_B_13,B0GLJN5785,4745010308987,PAREO_B
PAREO_SOL_536,B0GSH9Y4WN,4745092520154,PAREO_SOL
PAREO_SOL_537,B0GSH5VFZV,4745092520161,PAREO_SOL
PAREO_SOL_538,B0GY1WDPGD,4745092520291,PAREO_SOL
PAREO_SOL_551,B0GY1VKHTR,4745092520307,PAREO_SOL
PAREO_SOL_552,B0GY1TGNBZ,4745092520314,PAREO_SOL
PAREO_SOL_553,B0GY1TRR21,4745092520321,PAREO_SOL
CoverPoufV251,B0DCQ5HY8C,4745010308253,VELVET
CoverPoufV252,B0DCQH57VH,4745010308260,VELVET
CoverPoufV254,B0DCQH791V,4745010308307,VELVET
CoverPoufV255,B0DCQDPSXH,4745010308291,VELVET
CoverPoufV256,B0DCPZ1QJ6,4745010308277,VELVET
CoverPoufV257,B0DCQ74DWY,4745010308284,VELVET
Stool259,B0DCQ6QRHQ,4745010308239,VELVET
Stool260,B0DCQ7FY65,4745010308697,VELVET
CoverPoufV511,B0GLMSXHCD,4745092520109,VELVET
CoverPoufV514,B0GLNDMWNX,4745092520116,VELVET
CoverPoufVPlainOrange523,B0GLML4DQ5,4745092520055,VELVET
CoverPoufVPlainBrown524,B0GLNNF8VG,4745092520086,VELVET
CoverPoufVPlainYellow525,B0GLMG27TP,4745092520062,VELVET
CoverPoufVPlainGreen526,B0GLMKFCLP,4745092520093,VELVET
CoverPoufVPlainPurple527,B0GLN69R5M,4745092520079,VELVET
CoverPoufVMagic535,B0GLMNGPCJ,4745092520147,VELVET
CoverPoufVLeo540,B0GXPVTT1G,4745092520185,VELVET
CoverPoufVLeo541,B0GXPVZ4VN,4745092520192,VELVET
StuffedPouf56,B0DLWS3QWB,4745010308314,STUFFED
StuffedPouf92,B0DLWVKXKX,4745010308321,STUFFED
StuffedPouf106,B0DLWVBR2X,4745010308338,STUFFED
StuffedPouf107,B0DLWVVLS3,4745010308345,STUFFED
StuffedPouf213,B0DLWT9SN3,4745010308352,STUFFED
StuffedPouf93A,B0DLWSJZF8,4745010308383,STUFFED
StuffedPouf111,B0DLWVSB8S,4745010308369,STUFFED
StuffedPouf93,B0DLWTFVVJ,4745010308376,STUFFED
StuffedPouf114,B0DLWWSQXT,4745010308390,STUFFED
StuffedPouf251,B0DLWTSMVG,4745010308406,STUFFED
StuffedPouf252,B0DLWT8LSB,4745010308413,STUFFED
StuffedPouf256,B0DLWWRGBS,4745010308444,STUFFED
StuffedPouf257,B0DLWWBBMS,4745010308451,STUFFED
StuffedPouf254,B0DLWWVGD6,4745010308420,STUFFED
StuffedPouf255,B0DLWT21YM,4745010308437,STUFFED
CoverPoufPBlue56,B07N315FXJ,750440983691,COVER_BOHO
CoverPoufPRed57,B07N2Y675D,750440983677,COVER_BOHO
CoverPoufPBeige92,B07N2YYGXL,750440983608,COVER_BOHO
CoverPoufPPink106,B08FH6ZWV2,768253723731,COVER_BOHO
CoverPoufGeom107,B08FH8C4LP,768253723748,COVER_BOHO
CoverPoufGoldBlue108,B08FH8NYT6,768253723755,COVER_BOHO
CoverPoufFLower109,B08FH89S8G,768253723762,COVER_BOHO
CoverPoufMan213,B07SNR99TW,750440983523,COVER_BOHO
CoverPoufRengali,B083NHS71H,750440983233,COVER_BOHO
CoverPoufRengaliGreen514,B0GLNP5HL5,4745092520130,COVER_BOHO
CoverPoufRengalieBlue515,B0GLMFWBCC,4745092520123,COVER_BOHO
CoverpillowBeiz34,B07N2Z95VF,750440983646,COVER_BOHO
CoverPillowPBeige92A,B08FH5HX1Z,768253723847,COVER_BOHO
CoverPillowPRed57A,B07N2W7WFK,750440983660,COVER_BOHO
CoverPillowPlue56A,B07N2ZTSXZ,750440983684,COVER_BOHO
CoverPoufRectBlue93,B07SMQ1SYH,750440983585,COVER_VINTAGE
CoverPoufRoundBlue93A,B083NRT1T6,750440983301,COVER_VINTAGE
CoverPoufRectYellow94A,B083NR1Y46,750440983318,COVER_VINTAGE
CoverPoufRoundYellow94,B07SLQY5F8,750440983578,COVER_VINTAGE
CoverPoufRectGray101,B083NR5LPC,750440983325,COVER_VINTAGE
CoverPoufRoundGray101A,B083NT48DV,750440983332,COVER_VINTAGE
CoverPoufRectPurple103,B07SHL3RQW,750440983554,COVER_VINTAGE
CoverPoufRoundPurple10AA,B083NMKC1L,750440983172,COVER_VINTAGE
CoverPoufRectGreen104,B083NTQL69,750440982960,COVER_VINTAGE
CoverPoufRoundGreen104A,B083NCPYK1,750440982977,COVER_VINTAGE
CoverPoufRectOrange105,B083NR8TPM,750440982984,COVER_VINTAGE
CoverPoufRoundOrange105A,B083NPJJ1B,750440982991,COVER_VINTAGE
CoverPoufRectRugTurq110,B08FBBXLMH,768253723779,COVER_VINTAGE
CoverPoufRectPatch111,B08FH9ZH5Y,768253723786,COVER_VINTAGE
CoverOutdoorRectVintage114,B08FMTFT1Y,768253723960,COVER_VINTAGE
CoverOutdoorRoundVintage521,B0GLMB46RH,4745092520024,COVER_VINTAGE
CoverOutdoorRoundBlue522,B0GLNS1F87,4745092520017,COVER_VINTAGE
CoverCubeGray74,CoverCubeGray74,CoverCubeGray74,IGNORE
CoverCubeTribalBW59A,CoverCubeTribalBW59A,CoverCubeTribalBW59A,IGNORE
CoverCubeTribalWB60A,CoverCubeTribalWB60A,CoverCubeTribalWB60A,IGNORE
PinkRug46_222,PinkRug46_222,PinkRug46_222,IGNORE
CoverPoufRoundDariRug112,CoverPoufRoundDariRug112,CoverPoufRoundDariRug112,IGNORE
KaftanBlue102,KaftanBlue102,KaftanBlue102,IGNORE
KaftaNWhite85,KaftaNWhite85,KaftaNWhite85,IGNORE
KaftanPurple79,KaftanPurple79,KaftanPurple79,IGNORE
PAREO_ZEN_9,PAREO_ZEN_9,PAREO_ZEN_9,IGNORE
PAREO_ZEN_10,PAREO_ZEN_10,PAREO_ZEN_10,IGNORE
PAREO_ACA_5Gold,PAREO_ACA_5Gold,PAREO_ACA_5Gold,IGNORE
PAREO_ACA_5Blue_SET,PAREO_ACA_5Blue_SET,PAREO_ACA_5Blue_SET,IGNORE
PAREO_ZEN_24,PAREO_ZEN_24,PAREO_ZEN_24,IGNORE
PAREO_ACA_5BLue,PAREO_ACA_5BLue,PAREO_ACA_5BLue,IGNORE
PAREO_ACA_5Gold_SET,PAREO_ACA_5Gold_SET,PAREO_ACA_5Gold_SET,IGNORE
HangerNaturalSmall,HangerNaturalSmall,HangerNaturalSmall,IGNORE
PAREO_ZEN_4,PAREO_ZEN_4,PAREO_ZEN_4,IGNORE
KaftanBlue_102,KaftanBlue_102,KaftanBlue_102,IGNORE
CoverPOrange,CoverPOrange,CoverPOrange,IGNORE
PAREO_ACA_5Green,PAREO_ACA_5Green,PAREO_ACA_5Green,IGNORE
CoverMandGold,CoverMandGold,CoverMandGold,IGNORE
KaftanPurple_101,KaftanPurple_101,KaftanPurple_101,IGNORE
CoverPBLue,CoverPBLue,CoverPBLue,IGNORE
KT-S4QL-ZX1O,KT-S4QL-ZX1O,KT-S4QL-ZX1O,IGNORE
SilverPouf,SilverPouf,SilverPouf,IGNORE
PAREO_ZEN_6,PAREO_ZEN_6,PAREO_ZEN_6,IGNORE
PAREO_ZEN_8,PAREO_ZEN_8,PAREO_ZEN_8,IGNORE
PAREO_ZEN_2,PAREO_ZEN_2,PAREO_ZEN_2,IGNORE
PAREO_ZEN_3,PAREO_ZEN_3,PAREO_ZEN_3,IGNORE
MAC_DM_KIT,MAC_DM_KIT,MAC_DM_KIT,IGNORE
CM-XTJJ-8Q50,CM-XTJJ-8Q50,CM-XTJJ-8Q50,IGNORE
CoverPoufWB60,CoverPoufWB60,CoverPoufWB60,IGNORE
CoverMandTurq,CoverMandTurq,CoverMandTurq,IGNORE
PAREO_ACA_5Red,PAREO_ACA_5Red,PAREO_ACA_5Red,IGNORE
HangerNaturalHeart,HangerNaturalHeart,HangerNaturalHeart,IGNORE
CoverManBlue,CoverManBlue,CoverManBlue,IGNORE
CoverPillowRoundRed102D,CoverPillowRoundRed102D,CoverPillowRoundRed102D,IGNORE
PAREO_ACA_5Red_SET,PAREO_ACA_5Red_SET,PAREO_ACA_5Red_SET,IGNORE
CoverPillowSquareOrange105C,CoverPillowSquareOrange105C,CoverPillowSquareOrange105C,IGNORE
PAREO_ZEN_1,PAREO_ZEN_1,PAREO_ZEN_1,IGNORE
CoverPillowMandGold55A,CoverPillowMandGold55A,CoverPillowMandGold55A,IGNORE
CoverPillowRoundOrange105D,CoverPillowRoundOrange105D,CoverPillowRoundOrange105D,IGNORE
PAREO_ACA_5Set_Short_B,PAREO_ACA_5Set_Short_B,PAREO_ACA_5Set_Short_B,IGNORE
CoverPouf302,CoverPouf302,CoverPouf302,IGNORE
CoverPillowRoundPurple103D,CoverPillowRoundPurple103D,CoverPillowRoundPurple103D,IGNORE
PAREO_ZEN_7_SHORT,PAREO_ZEN_7_SHORT,PAREO_ZEN_7_SHORT,IGNORE
PAREO_ZEN_8_SET,PAREO_ZEN_8_SET,PAREO_ZEN_8_SET,IGNORE
PAREO_ZEN_9_SET,PAREO_ZEN_9_SET,PAREO_ZEN_9_SET,IGNORE
CoverMandSilver,CoverMandSilver,CoverMandSilver,IGNORE
CoverPillowSquareBlue93C,CoverPillowSquareBlue93C,CoverPillowSquareBlue93C,IGNORE
CoverPillowSquareGray101C,CoverPillowSquareGray101C,CoverPillowSquareGray101C,IGNORE
PAREO_ZEN_5K,PAREO_ZEN_5K,PAREO_ZEN_5K,IGNORE
CoverPoufBW59_N,CoverPoufBW59_N,CoverPoufBW59_N,IGNORE
CoverPRed,CoverPRed,CoverPRed,IGNORE
CoverPillowSquareRed102B,CoverPillowSquareRed102B,CoverPillowSquareRed102B,IGNORE
Block246_224,Block246_224,Block246_224,IGNORE
PAREO_ZEN_4K,PAREO_ZEN_4K,PAREO_ZEN_4K,IGNORE
PAREO_ACA_6B,PAREO_ACA_6B,PAREO_ACA_6B,IGNORE
PAREO_ACA_5Green_SET,PAREO_ACA_5Green_SET,PAREO_ACA_5Green_SET,IGNORE
PAREO_ACA_5Set_Short_A,PAREO_ACA_5Set_Short_A,PAREO_ACA_5Set_Short_A,IGNORE
PAREO_ZEN_11_SET,PAREO_ZEN_11_SET,PAREO_ZEN_11_SET,IGNORE
CoverPillowSquareGreen104C,CoverPillowSquareGreen104C,CoverPillowSquareGreen104C,IGNORE
CoverPillowRoundBlue93D,CoverPillowRoundBlue93D,CoverPillowRoundBlue93D,IGNORE
CoverPillowSquareYellow94C,CoverPillowSquareYellow94C,CoverPillowSquareYellow94C,IGNORE
CoverPillowRoundYellow94D,CoverPillowRoundYellow94D,CoverPillowRoundYellow94D,IGNORE
CoverPouf301,CoverPouf301,CoverPouf301,IGNORE
6E-6DZD-WH51,6E-6DZD-WH51,6E-6DZD-WH51,IGNORE
DariRug112A,DariRug112A,DariRug112A,IGNORE
CoverPillowRoundGray101D,CoverPillowRoundGray101D,CoverPillowRoundGray101D,IGNORE
HangerKeys5,HangerKeys5,HangerKeys5,IGNORE
CoverManBlack4,CoverManBlack4,CoverManBlack4,IGNORE
CoverPillowSquareRed102C,CoverPillowSquareRed102C,CoverPillowSquareRed102C,IGNORE
CoverPillowSquarePurple103B,CoverPillowSquarePurple103B,CoverPillowSquarePurple103B,IGNORE
CoverPillowRoundGreen104D,CoverPillowRoundGreen104D,CoverPillowRoundGreen104D,IGNORE
CoverPouf303,CoverPouf303,CoverPouf303,IGNORE
CoverPillowRoundGreen04D,CoverPillowRoundGreen04D,CoverPillowRoundGreen04D,IGNORE
CoverPoufMandGold55-stickerless,CoverPoufMandGold55-stickerless,CoverPoufMandGold55-stickerless,IGNORE
ACA-5SET_Short-B,ACA-5SET_Short-B,ACA-5SET_Short-B,IGNORE
MAC_R_BEIGE,MAC_R_BEIGE,MAC_R_BEIGE,IGNORE
CoverPillowSquarePurple103C,CoverPillowSquarePurple103C,CoverPillowSquarePurple103C,IGNORE
WM2,WM2,WM2,IGNORE
PAREO_ZEN_8K,PAREO_ZEN_8K,PAREO_ZEN_8K,IGNORE
DariRug112A_N,DariRug112A_N,DariRug112A_N,IGNORE
CDM_HEART,CDM_HEART,CDM_HEART,IGNORE
WM2_new,WM2_new,WM2_new,IGNORE
CoverPBlue,CoverPBlue,CoverPBlue,IGNORE
HangerLarge3,HangerLarge3,HangerLarge3,IGNORE
CoverPoufRoundPatch216,CoverPoufRoundPatch216,CoverPoufRoundPatch216,IGNORE
WavesRug46_218,WavesRug46_218,WavesRug46_218,IGNORE
PAREO_ZEN_9K,PAREO_ZEN_9K,PAREO_ZEN_9K,IGNORE
WavesRug35_217,WavesRug35_217,WavesRug35_217,IGNORE
CoverPoufMandGold55,CoverPoufMandGold55,CoverPoufMandGold55,IGNORE
CoverPoufWB60_N,CoverPoufWB60_N,CoverPoufWB60_N,IGNORE
JuteRug46_226,JuteRug46_226,JuteRug46_226,IGNORE
CoverMandBlack5,CoverMandBlack5,CoverMandBlack5,IGNORE
PAREO_ZEN_1_SET,PAREO_ZEN_1_SET,PAREO_ZEN_1_SET,IGNORE
CoverPoufRoundRed102A,CoverPoufRoundRed102A,CoverPoufRoundRed102A,IGNORE
CoverPillowPatch4060_236,CoverPillowPatch4060_236,CoverPillowPatch4060_236,IGNORE
MAC_R_BLACK,MAC_R_BLACK,MAC_R_BLACK,IGNORE
CoverPoufTriGold65,CoverPoufTriGold65,CoverPoufTriGold65,IGNORE
Block146_232,Block146_232,Block146_232,IGNORE
CoverPoufRectRed102,CoverPoufRectRed102,CoverPoufRectRed102,IGNORE
CoverPoufRoundPatch215,CoverPoufRoundPatch215,CoverPoufRoundPatch215,IGNORE
CM,CM,CM,IGNORE
KaftanPurple101,KaftanPurple101,KaftanPurple101,IGNORE
CoverPillowSquareBlue9,CoverPillowSquareBlue9,CoverPillowSquareBlue9,IGNORE
DM_SET1,DM_SET1,DM_SET1,IGNORE
BlackRug35_227,BlackRug35_227,BlackRug35_227,IGNORE
DM12_BLACK,DM12_BLACK,DM12_BLACK,IGNORE
CDM12_BEIGE,CDM12_BEIGE,CDM12_BEIGE,IGNORE
JuteRug35_225,JuteRug35_225,JuteRug35_225,IGNORE
MAC_R_GRAY,MAC_R_GRAY,MAC_R_GRAY,IGNORE
Moroccan35_219,Moroccan35_219,Moroccan35_219,IGNORE
CoverPillowRoundPurple,CoverPillowRoundPurple,CoverPillowRoundPurple,IGNORE
black 4,black 4,black 4,IGNORE
Moroccan35_220,Moroccan35_220,Moroccan35_220,IGNORE
